{
    "SpawnPoints": [
        {"x": 979.6111450195312,"y": 87.07451629638672,"z": 80.99064636230469}
    ]
}
