{
    "SpawnPoints": [
        {
            "x": 1272.230224609375,
            "y": -1712.0103759765625,
            "z": 54.771488189697266
        }
    ]
}