{
    "SpawnPoints": [
        { "x": -425.517, "y": 1123.620, "z": 325.8544 },
        { "x": -1070.906250, "y":-2972.122803, "z":13.773568 },
        { "x": -2446.711182, "y": 3142.811035, "z":32.194775 }
    ]
}
